{
  "addmm": {
    "0": {
      "LUT": 0.626380706921944,
      "FF": 0.8222876779577811,
      "DSP": 0.044326241134751775,
      "BRAM": 0.0,
      "clock_period_minus_wns": 6.137,
      "LatencyBest": 8973,
      "LatencyAvg": 8973,
      "LatencyWorst": 8973,
      "PipelineII": 8974,
      "elapsed_time": 169.02
    },
    "4": {
      "LUT": 0.6335910652920962,
      "FF": 0.8322210972017673,
      "DSP": 0.1773049645390071,
      "BRAM": 0.0,
      "clock_period_minus_wns": 6.142,
      "LatencyBest": 8781,
      "LatencyAvg": 8781,
      "LatencyWorst": 8781,
      "PipelineII": 8782,
      "elapsed_time": 180.97
    },
    "8": {
      "LUT": 0.6842169857633775,
      "FF": 0.6895096956308296,
      "DSP": 0.3546099290780142,
      "BRAM": 0.0,
      "clock_period_minus_wns": 6.142,
      "LatencyBest": 8749,
      "LatencyAvg": 8749,
      "LatencyWorst": 8749,
      "PipelineII": 8750,
      "elapsed_time": 197.13
    },
    "12": {
      "LUT": 0.816074496809033,
      "FF": 0.8938543200785468,
      "DSP": 0.7092198581560284,
      "BRAM": 0.0,
      "clock_period_minus_wns": 6.409,
      "LatencyBest": 814,
      "LatencyAvg": 814,
      "LatencyWorst": 814,
      "PipelineII": 815,
      "elapsed_time": 175.33
    },
    "16": {
      "LUT": 0.816074496809033,
      "FF": 0.8938543200785468,
      "DSP": 0.7092198581560284,
      "BRAM": 0.0,
      "clock_period_minus_wns": 6.409,
      "LatencyBest": 814,
      "LatencyAvg": 814,
      "LatencyWorst": 814,
      "PipelineII": 815,
      "elapsed_time": 167.7
    },
    "20": {
      "LUT": 1.3863831615120275,
      "FF": 1.0314264236622483,
      "DSP": 2.8368794326241136,
      "BRAM": 0.0,
      "clock_period_minus_wns": 6.409,
      "LatencyBest": 802,
      "LatencyAvg": 802,
      "LatencyWorst": 802,
      "PipelineII": 803,
      "elapsed_time": 203.76
    },
    "24": {
      "LUT": 2.230301914580265,
      "FF": 0.9967169857633774,
      "DSP": 5.673758865248227,
      "BRAM": 0.0,
      "clock_period_minus_wns": 6.409,
      "LatencyBest": 800,
      "LatencyAvg": 800,
      "LatencyWorst": 800,
      "PipelineII": 801,
      "elapsed_time": 217.96
    },
    "28": {
      "LUT": 3.5372944280805103,
      "FF": 1.4620152184585173,
      "DSP": 17.02127659574468,
      "BRAM": 0.0,
      "clock_period_minus_wns": 6.409,
      "LatencyBest": 796,
      "LatencyAvg": 796,
      "LatencyWorst": 796,
      "PipelineII": 797,
      "elapsed_time": 195.05
    },
    "32": {
      "LUT": 3.5372944280805103,
      "FF": 1.4620152184585173,
      "DSP": 17.02127659574468,
      "BRAM": 0.0,
      "clock_period_minus_wns": 6.409,
      "LatencyBest": 796,
      "LatencyAvg": 796,
      "LatencyWorst": 796,
      "PipelineII": 797,
      "elapsed_time": 222.06
    },
    "36": {
      "LUT": 3.6855670103092786,
      "FF": 1.5829421330387825,
      "DSP": 17.02127659574468,
      "BRAM": 0.0,
      "clock_period_minus_wns": 6.142,
      "LatencyBest": 400,
      "LatencyAvg": 400,
      "LatencyWorst": 400,
      "PipelineII": 401,
      "elapsed_time": 403.88
    },
    "40": {
      "LUT": 4.536005768286696,
      "FF": 1.8186978399607268,
      "DSP": 17.02127659574468,
      "BRAM": 0.0,
      "clock_period_minus_wns": 6.419,
      "LatencyBest": 334,
      "LatencyAvg": 334,
      "LatencyWorst": 334,
      "PipelineII": 335,
      "elapsed_time": 323.66
    },
    "1024": {
      "LUT": 4.44986499754541,
      "FF": 1.2794167280314188,
      "DSP": 17.02127659574468,
      "BRAM": 0.0,
      "clock_period_minus_wns": 6.142,
      "LatencyBest": 295,
      "LatencyAvg": 295,
      "LatencyWorst": 295,
      "PipelineII": 296,
      "elapsed_time": 533.68
    }
  },
  "batch_norm": {
    "0": {
      "LUT": 0.27307314678448696,
      "FF": 0.13968151693667158,
      "DSP": 0.598404255319149,
      "BRAM": 0.0,
      "clock_period_minus_wns": 6.056,
      "LatencyBest": 35,
      "LatencyAvg": 35,
      "LatencyWorst": 35,
      "PipelineII": 36,
      "elapsed_time": 81.84
    },
    "4": {
      "LUT": 0.27307314678448696,
      "FF": 0.13968151693667158,
      "DSP": 0.598404255319149,
      "BRAM": 0.0,
      "clock_period_minus_wns": 6.056,
      "LatencyBest": 35,
      "LatencyAvg": 35,
      "LatencyWorst": 35,
      "PipelineII": 36,
      "elapsed_time": 88.59
    },
    "8": {
      "LUT": 0.44075233186057927,
      "FF": 0.19356743986254296,
      "DSP": 1.196808510638298,
      "BRAM": 0.0,
      "clock_period_minus_wns": 6.056,
      "LatencyBest": 28,
      "LatencyAvg": 28,
      "LatencyWorst": 28,
      "PipelineII": 29,
      "elapsed_time": 85.37
    },
    "12": {
      "LUT": 1.8401755031909672,
      "FF": 0.3749002822778596,
      "DSP": 6.382978723404255,
      "BRAM": 0.0,
      "clock_period_minus_wns": 6.056,
      "LatencyBest": 25,
      "LatencyAvg": 25,
      "LatencyWorst": 25,
      "PipelineII": 26,
      "elapsed_time": 130.87
    },
    "16": {
      "LUT": 3.310014727540501,
      "FF": 0.5608738340697104,
      "DSP": 11.96808510638298,
      "BRAM": 0.0,
      "clock_period_minus_wns": 6.056,
      "LatencyBest": 14,
      "LatencyAvg": 14,
      "LatencyWorst": 14,
      "PipelineII": 15,
      "elapsed_time": 81.01
    },
    "20": {
      "LUT": 3.310014727540501,
      "FF": 0.5608738340697104,
      "DSP": 11.96808510638298,
      "BRAM": 0.0,
      "clock_period_minus_wns": 6.056,
      "LatencyBest": 14,
      "LatencyAvg": 14,
      "LatencyWorst": 14,
      "PipelineII": 15,
      "elapsed_time": 72.98
    },
    "24": {
      "LUT": 3.310014727540501,
      "FF": 0.5608738340697104,
      "DSP": 11.96808510638298,
      "BRAM": 0.0,
      "clock_period_minus_wns": 6.056,
      "LatencyBest": 14,
      "LatencyAvg": 14,
      "LatencyWorst": 14,
      "PipelineII": 15,
      "elapsed_time": 77.92
    },
    "28": {
      "LUT": 3.310014727540501,
      "FF": 0.5608738340697104,
      "DSP": 11.96808510638298,
      "BRAM": 0.0,
      "clock_period_minus_wns": 6.056,
      "LatencyBest": 14,
      "LatencyAvg": 14,
      "LatencyWorst": 14,
      "PipelineII": 15,
      "elapsed_time": 80.36
    },
    "32": {
      "LUT": 3.310014727540501,
      "FF": 0.5608738340697104,
      "DSP": 11.96808510638298,
      "BRAM": 0.0,
      "clock_period_minus_wns": 6.056,
      "LatencyBest": 14,
      "LatencyAvg": 14,
      "LatencyWorst": 14,
      "PipelineII": 15,
      "elapsed_time": 79.83
    },
    "36": {
      "LUT": 3.310014727540501,
      "FF": 0.5608738340697104,
      "DSP": 11.96808510638298,
      "BRAM": 0.0,
      "clock_period_minus_wns": 6.056,
      "LatencyBest": 14,
      "LatencyAvg": 14,
      "LatencyWorst": 14,
      "PipelineII": 15,
      "elapsed_time": 73.23
    },
    "40": {
      "LUT": 3.310014727540501,
      "FF": 0.5608738340697104,
      "DSP": 11.96808510638298,
      "BRAM": 0.0,
      "clock_period_minus_wns": 6.056,
      "LatencyBest": 14,
      "LatencyAvg": 14,
      "LatencyWorst": 14,
      "PipelineII": 15,
      "elapsed_time": 72.92
    },
    "1024": {
      "LUT": 3.310014727540501,
      "FF": 0.5608738340697104,
      "DSP": 11.96808510638298,
      "BRAM": 0.0,
      "clock_period_minus_wns": 6.056,
      "LatencyBest": 14,
      "LatencyAvg": 14,
      "LatencyWorst": 14,
      "PipelineII": 15,
      "elapsed_time": 78.0
    }
  },
  "braggnn": {},
  "conv": {
    "0": {
      "LUT": 1.4349380216003926,
      "FF": 0.07536358615611194,
      "DSP": 0.03324468085106383,
      "BRAM": 0.0,
      "clock_period_minus_wns": 6.137,
      "LatencyBest": 11778,
      "LatencyAvg": 11778,
      "LatencyWorst": 11778,
      "PipelineII": 11779,
      "elapsed_time": 327.84
    },
    "4": {
      "LUT": 1.4067869415807561,
      "FF": 0.07532523318605794,
      "DSP": 0.03324468085106383,
      "BRAM": 0.0,
      "clock_period_minus_wns": 6.137,
      "LatencyBest": 11778,
      "LatencyAvg": 11778,
      "LatencyWorst": 11778,
      "PipelineII": 11779,
      "elapsed_time": 316.53
    },