img_size,time
8,2.5608246326446533
16,77.38646149635315
32,1679.8412158489227
64,33671.31346297264
128,577419.627982378